/*------------------------------
 * Вставка данных в таблицы
 *------------------------------
 *
 */

/* Вставка групп пользователей */
INSERT INTO
   groups (group_id, group_code, name)
VALUES
   (
      '1', 'aip_members', 'Члены АИП сайта'
   ),
   (
      '2', 'representatives_service_companies', 'Представители сервисных компаний'
   ),
   (
      '3', 'park_management_companies', 'Управляющие компании парков'
   ),
   (
      '4', 'park_residents', 'Резиденты парков'
   ),
   (
      '5', 'investors', 'Инвесторы'
   ),
   (
      '6', 'users', 'Пользователи'
   ),
   (
      '7', 'moderators', 'Модераторы'
   ),
   (
      '8', 'content_editor', 'Редактор контента'
   ),
   (
      '9', 'administrator', 'Администратор'
   )
;

/* Вставка доступов */
INSERT INTO
   permissions (permission_id, permission_code, name)
VALUES
   (
      '1', 'view_aip_information', 'Просмотр информация о АИП'
   ),
   (
      '2', 'download_site_analytics', 'Выгрузка аналитики по площадке'
   ),
   (
      '3', 'site_information_update', 'Обновление информации по площадке'
   ),
   (
      '4', 'processing_applications_from_users', 'Обработка заявок от пользователей'
   ),
   (
      '5', 'adding_and_viewing_news', 'Добавление и просмотр новостей по площадке'
   ),
   (
      '6', 'adding_and_viewing_media', 'Добавление и просмотр медиа материалов по площадке'
   ),
   (
      '7', 'adding_site_services', 'Добавление услуг по площадке'
   ),
   (
      '8', 'adding_residents', 'Добавление (прикрепление) резидентов по площадке'
   ),
   (
      '9', 'create_site_events', 'Создание мероприятий привязанных к площадке'
   ),
   (
      '10', 'payment_of_bills', 'Оплата счетов'
   ),
   (
      '11', 'view_documents', 'Просмотр документов'
   ),
   (
      '12', 'contacting_company', 'Обращение в компанию (звонок, форма обратной связи)'
   ),
   (
      '13', 'posting_service_information', 'Размещение информации о услугах'
   ),
   (
      '14', 'posting_park_information', 'Размещение информации парка на сайте'
   ),
   (
      '15', 'attaching_company_to_industrial_parks', 'Прикрепление компании к индустриальным паркам на сайте'
   ),
   (
      '16', 'view_site_information', 'Просмотр информация о площадках'
   ),
   (
      '17', 'view_resident_information', 'Просмотр информации о резидентах'
   ),
   (
      '18', 'view_service_information', 'Просмотр информация о услугах'
   ),
   (
      '19', 'sending_applications_for_cooperation', 'Отправка заявок на сотрудничество с парками/резидентами/сервисными компаниями'
   ),
   (
      '20', 'view_analytics_about_parks', 'Просмотр аналитики о парках от АИП'
   ),
   (
      '21', 'view_media', 'Просмотр медиа материалов'
   ),
   (
      '22', 'event_registration', 'Регистрация на мероприятия'
   ),
   (
      '23', 'submission_of_applications', 'Отправка заявок'
   ),
   (
      '24', 'view_aip_contact_information', 'Просмотр контактной информации АИП'
   ),
   (
      '25', 'aip_registration', 'Регистрация в АИП'
   ),
   (
      '26', 'user_content_moderation', 'Контроль публикации контента созданного пользователями'
   ),
   (
      '27', 'support_service_responses', 'Ответы на обращения в службу поддержки сайта'
   ),
   (
      '28', 'correction_and_publication_content_by_aip', 'Корректировка и публикация контента от лица АИП России на сайте'
   ),
   (
      '29', 'user_role_management', 'Распределения и контроль ролей пользователей на сайте.'
   ),
   (
      '30', 'adding_moderators_and_content_managers', 'Назначение модераторов и контент менеджеров'
   ),
   (
      '31', 'site_section_management', 'Добавление/редактирование/удаление всех разделов сайта'
   ),
   (
      '32', 'posting_company_information', 'Размещение информации о компании на сайте'
   )
;

/* Вставка доступов для групп */
INSERT INTO
   group_permissions (group_id, permission_id)
VALUES
   (
      '1', '1'
   ),
   (
      '1', '2'
   ),
   (
      '1', '3'
   ),
   (
      '1', '4'
   ),
   (
      '1', '5'
   ),
   (
      '1', '6'
   ),
   (
      '1', '7'
   ),
   (
      '1', '8'
   ),
   (
      '1', '9'
   ),
   (
      '1', '10'
   ),
   (
      '1', '11'
   ),
   (
      '1', '12'
   ),
   (
      '2', '1'
   ),
   (
      '2', '13'
   ),
   (
      '2', '4'
   ),
   (
      '2', '10'
   ),
   (
      '2', '11'
   ),
   (
      '2', '12'
   ),
   (
      '3', '1'
   ),
   (
      '3', '14'
   ),
   (
      '3', '3'
   ),
   (
      '3', '4'
   ),
   (
      '3', '5'
   ),
   (
      '3', '6'
   ),
   (
      '3', '8'
   ),
   (
      '3', '9'
   ),
   (
      '3', '10'
   ),
   (
      '3', '11'
   ),
   (
      '3', '12'
   ),
   (
      '4', '1'
   ),
   (
      '4', '32'
   ),
   (
      '4', '15'
   ),
   (
      '4', '4'
   ),
   (
      '4', '10'
   ),
   (
      '4', '11'
   ),
   (
      '4', '12'
   ),
   (
      '5', '1'
   ),
   (
      '5', '16'
   ),
   (
      '5', '17'
   ),
   (
      '5', '18'
   ),
   (
      '5', '19'
   ),
   (
      '5', '20'
   ),
   (
      '5', '21'
   ),
   (
      '5', '22'
   ),
   (
      '5', '11'
   ),
   (
      '5', '12'
   ),
   (
      '6', '1'
   ),
   (
      '6', '16'
   ),
   (
      '6', '17'
   ),
   (
      '6', '18'
   ),
   (
      '6', '23'
   ),
   (
      '6', '24'
   ),
   (
      '6', '22'
   ),
   (
      '6', '21'
   ),
   (
      '6', '25'
   ),
   (
      '6', '12'
   ),
   (
      '7', '26'
   ),
   (
      '7', '27'
   ),
   (
      '8', '28'
   ),
   (
      '9', '29'
   ),
   (
      '9', '30'
   ),
   (
      '9', '31'
   )
;
